{"name":"21348571-0020-41d3-97ad-3a89e17efa10","id":"/providers/Microsoft.Flow/flows/21348571-0020-41d3-97ad-3a89e17efa10","type":"Microsoft.Flow/flows","properties":{"apiId":"/providers/Microsoft.PowerApps/apis/shared_logicflows","displayName":"Cuando llega un nuevo correo electrónico (V3) -> Agregar una fila a...","definition":{"metadata":{"workflowEntityId":null,"processAdvisorMetadata":null,"flowChargedByPaygo":null,"flowclientsuspensionreason":"None","flowclientsuspensiontime":null,"flowclientsuspensionreasondetails":null,"creator":{"id":"a2871d79-4a6b-4d9e-ae2d-61e6719d4450","type":"User","tenantId":"1356d054-fb0c-45c9-9663-087c278bbf18"},"provisioningMethod":"FromDefinition","failureAlertSubscription":true,"clientLastModifiedTime":"2026-02-12T06:39:51.862191Z","connectionKeySavedTimeKey":"2026-02-12T06:39:51.862191Z","creationSource":"Portal","modifiedSources":"Portal"},"$schema":"https://schema.management.azure.com/providers/Microsoft.Logic/schemas/2016-06-01/workflowdefinition.json#","contentVersion":"1.0.0.0","parameters":{"$authentication":{"defaultValue":{},"type":"SecureObject"},"$connections":{"defaultValue":{},"type":"Object"}},"triggers":{"Cuando_llega_un_nuevo_correo_electrónico_(V3)":{"splitOn":"@triggerOutputs()?['body/value']","metadata":{"Id::AQMkAGI1ZDZiZTVlLTIwNGUtNDYzNi1iOGIzLTJjYjRlMDhkMTIyADcALgAAA_MfBZxOUdNDoEGNhTCDrFkBACE2pmW82cNMtrJs2TlXIkkAAAIBDAAAAA==":"Bandeja de entrada"},"type":"OpenApiConnectionNotification","inputs":{"parameters":{"includeAttachments":true,"importance":"Any","fetchOnlyWithAttachment":true,"folderPath":"Inbox"},"host":{"apiId":"/providers/Microsoft.PowerApps/apis/shared_office365","connectionName":"shared_office365","operationId":"OnNewEmailV3"},"authentication":"@parameters('$authentication')"}}},"actions":{"Agregar_una_fila_a_una_tabla":{"runAfter":{},"metadata":{"01GUQGKZTNREQ6QCW34NHJPJ3E6CQ2BVYW":"/Documents/Registro_Correos.xlsx","tableId":"{C4CCF38E-D8AE-4B94-B6E8-28A901B50F14}"},"type":"OpenApiConnection","inputs":{"parameters":{"source":"me","drive":"b!CSh5615sE0K83iUMRFJETQsk2SsruwRJhXAmrzNLruxQkefOpcaORKw8lVLmJolK","file":"01GUQGKZTNREQ6QCW34NHJPJ3E6CQ2BVYW","table":"{C4CCF38E-D8AE-4B94-B6E8-28A901B50F14}","item/Remitente":"@triggerOutputs()?['body/from']","item/Fecha ":"@triggerOutputs()?['body/receivedDateTime']","item/Asunto":"@triggerOutputs()?['body/subject']"},"host":{"apiId":"/providers/Microsoft.PowerApps/apis/shared_excelonlinebusiness","connectionName":"shared_excelonlinebusiness","operationId":"AddRowV2"},"authentication":"@parameters('$authentication')"}},"For_each":{"foreach":"@triggerOutputs()?['body/attachments']","actions":{"Crear_archivo":{"type":"OpenApiConnection","inputs":{"parameters":{"folderPath":"/Documents/Adjuntos_Outlook","name":"@item()?['name']","body":"@item()?['contentBytes']"},"host":{"apiId":"/providers/Microsoft.PowerApps/apis/shared_onedriveforbusiness","connectionName":"shared_onedriveforbusiness","operationId":"CreateFile"},"authentication":"@parameters('$authentication')"},"runtimeConfiguration":{"contentTransfer":{"transferMode":"Chunked"}}}},"runAfter":{"Agregar_una_fila_a_una_tabla":["Succeeded"]},"type":"Foreach"}},"outputs":{}},"connectionReferences":{"shared_office365":{"connectionName":"shared-office365-46f18a11-a34a-4123-b369-b5e29a80d64e","source":"Embedded","id":"/providers/Microsoft.PowerApps/apis/shared_office365","tier":"NotSpecified","apiName":"office365","isProcessSimpleApiReferenceConversionAlreadyDone":false},"shared_excelonlinebusiness":{"connectionName":"shared-excelonlinebu-82edffad-67b9-4fef-b93a-0dbba26efa58","source":"Embedded","id":"/providers/Microsoft.PowerApps/apis/shared_excelonlinebusiness","tier":"NotSpecified","apiName":"excelonlinebusiness","isProcessSimpleApiReferenceConversionAlreadyDone":false},"shared_onedriveforbusiness":{"connectionName":"shared-onedriveforbu-2813b291-93c4-45fd-89ae-7770e709a323","source":"Embedded","id":"/providers/Microsoft.PowerApps/apis/shared_onedriveforbusiness","tier":"NotSpecified","apiName":"onedriveforbusiness","isProcessSimpleApiReferenceConversionAlreadyDone":false}},"flowFailureAlertSubscribed":false,"isManaged":false}}